{
  "means": [
    0.005349026450717473,
    0.006244652963375047,
    0.47186453018432917,
    -0.00025930208416971584,
    0.041210234810337115,
    2.497333134513254e-07,
    2.399697181725376e-06,
    22.605882118982347
  ],
  "stds": [
    1.2256897153543274,
    1.8559666108975377,
    0.3927622369867232,
    0.15349002263169267,
    0.025843144355708243,
    2.2377624188670666e-05,
    1.5046303393371763e-06,
    23.948572592936106
  ],
  "feature_names": [
    "delta_z",
    "delta_z_resunits",
    "cluster_z_sigma",
    "cluster_d0",
    "cluster_d0_sigma",
    "cluster_qOverP",
    "cluster_qOverP_sigma",
    "cluster_sumpt"
  ]
}