{
  "means": [
    0.000181542369520147,
    0.0022696158408701665,
    1.0721281960578108,
    -0.0025243291487635593,
    0.08665513919653857,
    1.9620804663321413e-07,
    4.9269252726781045e-06,
    14.154102551101227,
    17.277764049475678,
    5.649361497551156,
    1.7420735517923134
  ],
  "stds": [
    2.7448773941025766,
    1.7700623344292996,
    1.1223853949974232,
    0.42576499860027983,
    0.11750566161560266,
    4.238450693042457e-05,
    4.359020547359499e-06,
    21.517411638686664,
    9.664553181701693,
    6.224281332216253,
    1.0543692647024774
  ],
  "feature_names": [
    "delta_z",
    "delta_z_resunits",
    "cluster_z_sigma",
    "cluster_d0",
    "cluster_d0_sigma",
    "cluster_qOverP",
    "cluster_qOverP_sigma",
    "cluster_sumpt",
    "cluster_time_sigma",
    "cluster_n_tracks",
    "cluster_dR"
  ]
}