{
    "means": [
        0.6658103458145465,
        1.4062413922431898,
        0.4384938254278939,
        -0.0006795810095683315,
        0.03825910434563131,
        2.5463849668322525e-07,
        2.249843783028648e-06,
        36.363541536390116
    ],
    "stds": [
        1.0862063628195677,
        1.0457992632101616,
        0.5121707999068104,
        0.16671231081127164,
        0.034856748414000265,
        2.33339973420475e-05,
        2.0502623770486916e-06,
        33.386926190214176
    ],
    "feature_names": [
        "delta_z",
        "delta_z_resunits",
        "cluster_z_sigma",
        "cluster_d0",
        "cluster_d0_sigma",
        "cluster_qOverP",
        "cluster_qOverP_sigma",
        "cluster_sumpt"
    ]
}