{
  "means": [
    0.005726042277307877,
    0.006149715420260727,
    0.46085691198392087,
    0.00011167975881416954,
    0.039828664684699776,
    2.329788124947659e-07,
    2.30744214610725e-06,
    24.63328638861904
  ],
  "stds": [
    1.2622023289815198,
    1.8759820827764306,
    0.40770942660123427,
    0.15233806240610898,
    0.026736835863846682,
    2.1710355733359864e-05,
    1.5295933099799435e-06,
    25.339092790412018
  ],
  "feature_names": [
    "delta_z",
    "delta_z_resunits",
    "cluster_z_sigma",
    "cluster_d0",
    "cluster_d0_sigma",
    "cluster_qOverP",
    "cluster_qOverP_sigma",
    "cluster_sumpt"
  ]
}